<?xml version="1.0" encoding="UTF-8"?>
<rss version="2.0" xmlns:atom="http://www.w3.org/2005/Atom">
  <channel>
    <title>Kallah.co</title>
    <description>This is a site set up for my bachelor that I will update on what I do, things I find interesting and generally what I think about the project.</description>
    <link>/</link>
    <atom:link href="/feed.xml" rel="self" type="application/rss+xml" />
    <pubDate>Wed, 07 Feb 2018 14:38:34 +0000</pubDate>
    <lastBuildDate>Wed, 07 Feb 2018 14:38:34 +0000</lastBuildDate>
    <generator>Jekyll v3.0.1</generator>
    
  </channel>
</rss>
